	canFam2	hg17	mm6	rn3
canFam2	0.00000000	0.31710919	0.43090522	0.43184939	
hg17	0.31710919	0.00000000	0.42589028	0.42838874	
mm6	0.43090522	0.42589028	0.00000000	0.14994872	
rn3	0.43184939	0.42838874	0.14994872	0.00000000	
