	canFam2	hg17	mm6	rn3
canFam2	0.00000000	0.25795981	0.32366149	0.32391404	
hg17	0.25795981	0.00000000	0.32102932	0.32165733	
mm6	0.32366149	0.32102932	0.00000000	0.12673620	
rn3	0.32391404	0.32165733	0.12673620	0.00000000	
