	canFam2	hg17	mm6	rn3
canFam2	0.00000000	0.24537200	0.32383703	0.32518707	
hg17	0.24537200	0.00000000	0.32301247	0.32501062	
mm6	0.32383703	0.32301247	0.00000000	0.13714286	
rn3	0.32518707	0.32501062	0.13714286	0.00000000	
