	canFam2	hg17	mm6	rn3
canFam2	0.00000000	0.27045814	0.33297474	0.33290835	
hg17	0.27045814	0.00000000	0.33249913	0.33306060	
mm6	0.33297474	0.33249913	0.00000000	0.13462604	
rn3	0.33290835	0.33306060	0.13462604	0.00000000	
