	canFam2	hg17	mm6	rn3
canFam2	0.00000000	0.25613267	0.32461963	0.32518760	
hg17	0.25613267	0.00000000	0.32160993	0.32310130	
mm6	0.32461963	0.32160993	0.00000000	0.13498382	
rn3	0.32518760	0.32310130	0.13498382	0.00000000	
