	canFam2	hg17	mm6	rn3
canFam2	0.00000000	0.31051697	0.42945458	0.42951197	
hg17	0.31051697	0.00000000	0.42834945	0.42907620	
mm6	0.42945458	0.42834945	0.00000000	0.14461108	
rn3	0.42951197	0.42907620	0.14461108	0.00000000	
