	canFam2	hg17	mm6	rn3
canFam2	0.00000000	0.34951916	0.41584655	0.42265802	
hg17	0.34951916	0.00000000	0.42954741	0.43453466	
mm6	0.41584655	0.42954741	0.00000000	0.18917917	
rn3	0.42265802	0.43453466	0.18917917	0.00000000	
