	canFam2	hg17	mm6	rn3
canFam2	0.00000000	0.46648984	0.61549810	0.63256110	
hg17	0.46648984	0.00000000	0.66363719	0.67587399	
mm6	0.61549810	0.66363719	0.00000000	0.23169309	
rn3	0.63256110	0.67587399	0.23169309	0.00000000	
