	canFam2	hg17	mm6	rn3
canFam2	0.00000000	0.34167191	0.41443616	0.42223172	
hg17	0.34167191	0.00000000	0.42806956	0.43302038	
mm6	0.41443616	0.42806956	0.00000000	0.19055072	
rn3	0.42223172	0.43302038	0.19055072	0.00000000	
