	canFam2	hg17	mm6	rn3
canFam2	0.00000000	0.35912060	0.41685586	0.42469105	
hg17	0.35912060	0.00000000	0.43516055	0.44104224	
mm6	0.41685586	0.43516055	0.00000000	0.18869300	
rn3	0.42469105	0.44104224	0.18869300	0.00000000	
