	canFam2	hg17	mm6	rn3
canFam2	0.00000000	0.31504899	0.42502598	0.42608091	
hg17	0.31504899	0.00000000	0.42030774	0.42244175	
mm6	0.42502598	0.42030774	0.00000000	0.14617910	
rn3	0.42608091	0.42244175	0.14617910	0.00000000	
