	canFam2	hg17	mm6	rn3
canFam2	0.00000000	0.48287631	0.61325696	0.62247740	
hg17	0.48287631	0.00000000	0.65508926	0.66351273	
mm6	0.61325696	0.65508926	0.00000000	0.22038789	
rn3	0.62247740	0.66351273	0.22038789	0.00000000	
