	canFam2	hg17	mm6	rn3
canFam2	0.00000000	0.25424197	0.32046853	0.32112544	
hg17	0.25424197	0.00000000	0.31743174	0.31871942	
mm6	0.32046853	0.31743174	0.00000000	0.13177380	
rn3	0.32112544	0.31871942	0.13177380	0.00000000	
