	canFam2	hg17	mm6	rn3
canFam2	0.00000000	0.48243122	0.61744551	0.63391646	
hg17	0.48243122	0.00000000	0.65354884	0.66610707	
mm6	0.61744551	0.65354884	0.00000000	0.22241774	
rn3	0.63391646	0.66610707	0.22241774	0.00000000	
