	canFam2	hg17	mm6	rn3
canFam2	0.00000000	0.31243874	0.43370426	0.43414303	
hg17	0.31243874	0.00000000	0.42551054	0.42702540	
mm6	0.43370426	0.42551054	0.00000000	0.14636034	
rn3	0.43414303	0.42702540	0.14636034	0.00000000	
