	canFam2	hg17	mm6	rn3
canFam2	0.00000000	0.52317245	0.61489505	0.62947349	
hg17	0.52317245	0.00000000	0.66223700	0.67425827	
mm6	0.61489505	0.66223700	0.00000000	0.21870080	
rn3	0.62947349	0.67425827	0.21870080	0.00000000	
