	canFam2	hg17	mm6	rn3
canFam2	0.00000000	0.33085315	0.43191820	0.43265691	
hg17	0.33085315	0.00000000	0.42511417	0.42720047	
mm6	0.43191820	0.42511417	0.00000000	0.14441528	
rn3	0.43265691	0.42720047	0.14441528	0.00000000	
