	canFam2	hg17	mm6	rn3
canFam2	0.00000000	0.26370088	0.32160929	0.32215250	
hg17	0.26370088	0.00000000	0.31752632	0.31855493	
mm6	0.32160929	0.31752632	0.00000000	0.12714808	
rn3	0.32215250	0.31855493	0.12714808	0.00000000	
