	canFam2	hg17	mm6	rn3
canFam2	0.00000000	0.52724231	0.62044927	0.63473436	
hg17	0.52724231	0.00000000	0.68049738	0.68950889	
mm6	0.62044927	0.68049738	0.00000000	0.22381283	
rn3	0.63473436	0.68950889	0.22381283	0.00000000	
