	canFam2	hg17	mm6	rn3
canFam2	0.00000000	0.50325977	0.61988040	0.63614742	
hg17	0.50325977	0.00000000	0.67137143	0.68618992	
mm6	0.61988040	0.67137143	0.00000000	0.23029804	
rn3	0.63614742	0.68618992	0.23029804	0.00000000	
