	canFam2	hg17	mm6	rn3
canFam2	0.00000000	0.26158144	0.32542561	0.32626596	
hg17	0.26158144	0.00000000	0.32300449	0.32460113	
mm6	0.32542561	0.32300449	0.00000000	0.13202034	
rn3	0.32626596	0.32460113	0.13202034	0.00000000	
