	canFam2	hg17	mm6	rn3
canFam2	0.00000000	0.51342434	0.61923968	0.63517161	
hg17	0.51342434	0.00000000	0.67111168	0.68536013	
mm6	0.61923968	0.67111168	0.00000000	0.22752332	
rn3	0.63517161	0.68536013	0.22752332	0.00000000	
