	canFam2	hg17	mm6	rn3
canFam2	0.00000000	0.32895981	0.42554208	0.42646869	
hg17	0.32895981	0.00000000	0.41887202	0.42063945	
mm6	0.42554208	0.41887202	0.00000000	0.14066736	
rn3	0.42646869	0.42063945	0.14066736	0.00000000	
