	canFam2	hg17	mm6	rn3
canFam2	0.00000000	0.32010819	0.43813794	0.43877903	
hg17	0.32010819	0.00000000	0.43413201	0.43539949	
mm6	0.43813794	0.43413201	0.00000000	0.14566077	
rn3	0.43877903	0.43539949	0.14566077	0.00000000	
