	canFam2	hg17	mm6	rn3
canFam2	0.00000000	0.36940901	0.41467527	0.42085482	
hg17	0.36940901	0.00000000	0.43253930	0.43747343	
mm6	0.41467527	0.43253930	0.00000000	0.18596516	
rn3	0.42085482	0.43747343	0.18596516	0.00000000	
