	canFam2	hg17	mm6	rn3
canFam2	0.00000000	0.31941967	0.42853585	0.42899544	
hg17	0.31941967	0.00000000	0.42449904	0.42558971	
mm6	0.42853585	0.42449904	0.00000000	0.13984110	
rn3	0.42899544	0.42558971	0.13984110	0.00000000	
