	canFam2	hg17	mm6	rn3
canFam2	0.00000000	0.25850979	0.32905363	0.32943222	
hg17	0.25850979	0.00000000	0.32649151	0.32725353	
mm6	0.32905363	0.32649151	0.00000000	0.13160421	
rn3	0.32943222	0.32725353	0.13160421	0.00000000	
