	canFam2	hg17	mm6	rn3
canFam2	0.00000000	0.29747914	0.42259413	0.42520252	
hg17	0.29747914	0.00000000	0.42179365	0.42482564	
mm6	0.42259413	0.42179365	0.00000000	0.14874102	
rn3	0.42520252	0.42482564	0.14874102	0.00000000	
