	canFam2	hg17	mm6	rn3
canFam2	0.00000000	0.49879532	0.62365559	0.63886158	
hg17	0.49879532	0.00000000	0.66897247	0.68103332	
mm6	0.62365559	0.66897247	0.00000000	0.22387521	
rn3	0.63886158	0.68103332	0.22387521	0.00000000	
