	canFam2	hg17	mm6	rn3
canFam2	0.00000000	0.37196707	0.41771732	0.42361921	
hg17	0.37196707	0.00000000	0.44081846	0.44429514	
mm6	0.41771732	0.44081846	0.00000000	0.19019251	
rn3	0.42361921	0.44429514	0.19019251	0.00000000	
