	canFam2	hg17	mm6	rn3
canFam2	0.00000000	0.48279749	0.61573427	0.63373316	
hg17	0.48279749	0.00000000	0.65505410	0.66942710	
mm6	0.61573427	0.65505410	0.00000000	0.22786285	
rn3	0.63373316	0.66942710	0.22786285	0.00000000	
