	canFam2	hg17	mm6	rn3
canFam2	0.00000000	0.25206544	0.32574973	0.32628907	
hg17	0.25206544	0.00000000	0.32024940	0.32195050	
mm6	0.32574973	0.32024940	0.00000000	0.13345518	
rn3	0.32628907	0.32195050	0.13345518	0.00000000	
