	canFam2	hg17	mm6	rn3
canFam2	0.00000000	0.26312886	0.32939581	0.32998257	
hg17	0.26312886	0.00000000	0.32702941	0.32875082	
mm6	0.32939581	0.32702941	0.00000000	0.13521223	
rn3	0.32998257	0.32875082	0.13521223	0.00000000	
