	canFam2	hg17	mm6	rn3
canFam2	0.00000000	0.31020899	0.43188375	0.43284688	
hg17	0.31020899	0.00000000	0.42245485	0.42540349	
mm6	0.43188375	0.42245485	0.00000000	0.14795982	
rn3	0.43284688	0.42540349	0.14795982	0.00000000	
