	canFam2	hg17	mm6	rn3
canFam2	0.00000000	0.24354328	0.31996384	0.32145472	
hg17	0.24354328	0.00000000	0.31919258	0.32095779	
mm6	0.31996384	0.31919258	0.00000000	0.13399189	
rn3	0.32145472	0.32095779	0.13399189	0.00000000	
