	canFam2	hg17	mm6	rn3
canFam2	0.00000000	0.30134692	0.42415561	0.42677509	
hg17	0.30134692	0.00000000	0.41905047	0.42146925	
mm6	0.42415561	0.41905047	0.00000000	0.14504867	
rn3	0.42677509	0.42146925	0.14504867	0.00000000	
