	canFam2	hg17	mm6	rn3
canFam2	0.00000000	0.46757083	0.61446676	0.63303765	
hg17	0.46757083	0.00000000	0.64973548	0.66228216	
mm6	0.61446676	0.64973548	0.00000000	0.22418761	
rn3	0.63303765	0.66228216	0.22418761	0.00000000	
