	canFam2	hg17	mm6	rn3
canFam2	0.00000000	0.25155877	0.32298151	0.32341753	
hg17	0.25155877	0.00000000	0.31809974	0.31885889	
mm6	0.32298151	0.31809974	0.00000000	0.12907152	
rn3	0.32341753	0.31885889	0.12907152	0.00000000	
