	canFam2	hg17	mm6	rn3
canFam2	0.00000000	0.32559866	0.43238758	0.43389018	
hg17	0.32559866	0.00000000	0.42867452	0.43152567	
mm6	0.43238758	0.42867452	0.00000000	0.14673673	
rn3	0.43389018	0.43152567	0.14673673	0.00000000	
