	canFam2	hg17	mm6	rn3
canFam2	0.00000000	0.26898093	0.32915449	0.32936743	
hg17	0.26898093	0.00000000	0.32863792	0.32912397	
mm6	0.32915449	0.32863792	0.00000000	0.13142558	
rn3	0.32936743	0.32912397	0.13142558	0.00000000	
