	canFam2	hg17	mm6	rn3
canFam2	0.00000000	0.32204449	0.44394014	0.44409234	
hg17	0.32204449	0.00000000	0.43993025	0.44123364	
mm6	0.44394014	0.43993025	0.00000000	0.14933006	
rn3	0.44409234	0.44123364	0.14933006	0.00000000	
