	canFam2	hg17	mm6	rn3
canFam2	0.00000000	0.26542362	0.32572493	0.32616727	
hg17	0.26542362	0.00000000	0.32176212	0.32299578	
mm6	0.32572493	0.32176212	0.00000000	0.13032097	
rn3	0.32616727	0.32299578	0.13032097	0.00000000	
