	canFam2	hg17	mm6	rn3
canFam2	0.00000000	0.24587917	0.32094202	0.32240217	
hg17	0.24587917	0.00000000	0.31780624	0.31918839	
mm6	0.32094202	0.31780624	0.00000000	0.13102724	
rn3	0.32240217	0.31918839	0.13102724	0.00000000	
