	canFam2	hg17	mm6	rn3
canFam2	0.00000000	0.32189765	0.43495671	0.43507207	
hg17	0.32189765	0.00000000	0.43080181	0.43205869	
mm6	0.43495671	0.43080181	0.00000000	0.14370262	
rn3	0.43507207	0.43205869	0.14370262	0.00000000	
