	canFam2	hg17	mm6	rn3
canFam2	0.00000000	0.34965128	0.41331879	0.41717610	
hg17	0.34965128	0.00000000	0.42909953	0.43265305	
mm6	0.41331879	0.42909953	0.00000000	0.18736259	
rn3	0.41717610	0.43265305	0.18736259	0.00000000	
