	canFam2	hg17	mm6	rn3
canFam2	0.00000000	0.25323434	0.32704665	0.32697503	
hg17	0.25323434	0.00000000	0.32555203	0.32648598	
mm6	0.32704665	0.32555203	0.00000000	0.13353169	
rn3	0.32697503	0.32648598	0.13353169	0.00000000	
