	canFam2	hg17	mm6	rn3
canFam2	0.00000000	0.34972282	0.41517538	0.42276540	
hg17	0.34972282	0.00000000	0.43009180	0.43579999	
mm6	0.41517538	0.43009180	0.00000000	0.19299080	
rn3	0.42276540	0.43579999	0.19299080	0.00000000	
