	canFam2	hg17	mm6	rn3
canFam2	0.00000000	0.31196223	0.43473846	0.43454424	
hg17	0.31196223	0.00000000	0.43288643	0.43419656	
mm6	0.43473846	0.43288643	0.00000000	0.14822412	
rn3	0.43454424	0.43419656	0.14822412	0.00000000	
