	canFam2	hg17	mm6	rn3
canFam2	0.00000000	0.35824520	0.41904292	0.42536851	
hg17	0.35824520	0.00000000	0.43654975	0.44110261	
mm6	0.41904292	0.43654975	0.00000000	0.19033245	
rn3	0.42536851	0.44110261	0.19033245	0.00000000	
