	canFam2	hg17	mm6	rn3
canFam2	0.00000000	0.25018493	0.32184312	0.32261130	
hg17	0.25018493	0.00000000	0.31628364	0.31788062	
mm6	0.32184312	0.31628364	0.00000000	0.13017938	
rn3	0.32261130	0.31788062	0.13017938	0.00000000	
