	canFam2	hg17	mm6	rn3
canFam2	0.00000000	0.30992043	0.42794461	0.42871685	
hg17	0.30992043	0.00000000	0.41987491	0.42114945	
mm6	0.42794461	0.41987491	0.00000000	0.14266120	
rn3	0.42871685	0.42114945	0.14266120	0.00000000	
