	canFam2	hg17	mm6	rn3
canFam2	0.00000000	0.24791489	0.32480952	0.32603179	
hg17	0.24791489	0.00000000	0.32166703	0.32314280	
mm6	0.32480952	0.32166703	0.00000000	0.13415617	
rn3	0.32603179	0.32314280	0.13415617	0.00000000	
