	canFam2	hg17	mm6	rn3
canFam2	0.00000000	0.33859706	0.44452025	0.44428878	
hg17	0.33859706	0.00000000	0.44401527	0.44493584	
mm6	0.44452025	0.44401527	0.00000000	0.14940154	
rn3	0.44428878	0.44493584	0.14940154	0.00000000	
