	canFam2	hg17	mm6	rn3
canFam2	0.00000000	0.30393620	0.42996921	0.43219149	
hg17	0.30393620	0.00000000	0.42463129	0.42725214	
mm6	0.42996921	0.42463129	0.00000000	0.14875367	
rn3	0.43219149	0.42725214	0.14875367	0.00000000	
