	canFam2	hg17	mm6	rn3
canFam2	0.00000000	0.25209016	0.32338290	0.32345122	
hg17	0.25209016	0.00000000	0.32208207	0.32277553	
mm6	0.32338290	0.32208207	0.00000000	0.13047024	
rn3	0.32345122	0.32277553	0.13047024	0.00000000	
