	canFam2	hg17	mm6	rn3
canFam2	0.00000000	0.32739046	0.43857347	0.43962469	
hg17	0.32739046	0.00000000	0.43466718	0.43776176	
mm6	0.43857347	0.43466718	0.00000000	0.15051094	
rn3	0.43962469	0.43776176	0.15051094	0.00000000	
