	canFam2	hg17	mm6	rn3
canFam2	0.00000000	0.33679064	0.43829544	0.43859845	
hg17	0.33679064	0.00000000	0.43803132	0.43871925	
mm6	0.43829544	0.43803132	0.00000000	0.14552453	
rn3	0.43859845	0.43871925	0.14552453	0.00000000	
