	canFam2	hg17	mm6	rn3
canFam2	0.00000000	0.50056485	0.61880293	0.63761965	
hg17	0.50056485	0.00000000	0.66646922	0.68139499	
mm6	0.61880293	0.66646922	0.00000000	0.22209284	
rn3	0.63761965	0.68139499	0.22209284	0.00000000	
