	canFam2	hg17	mm6	rn3
canFam2	0.00000000	0.35860756	0.41586096	0.42277277	
hg17	0.35860756	0.00000000	0.43531076	0.44124448	
mm6	0.41586096	0.43531076	0.00000000	0.19462068	
rn3	0.42277277	0.44124448	0.19462068	0.00000000	
