	canFam2	hg17	mm6	rn3
canFam2	0.00000000	0.36460286	0.41653820	0.42327157	
hg17	0.36460286	0.00000000	0.43644006	0.44208861	
mm6	0.41653820	0.43644006	0.00000000	0.19253236	
rn3	0.42327157	0.44208861	0.19253236	0.00000000	
