	canFam2	hg17	mm6	rn3
canFam2	0.00000000	0.25357835	0.32681802	0.32708015	
hg17	0.25357835	0.00000000	0.32203040	0.32289539	
mm6	0.32681802	0.32203040	0.00000000	0.13218883	
rn3	0.32708015	0.32289539	0.13218883	0.00000000	
