	canFam2	hg17	mm6	rn3
canFam2	0.00000000	0.26002202	0.33274247	0.33284286	
hg17	0.26002202	0.00000000	0.33031871	0.33109650	
mm6	0.33274247	0.33031871	0.00000000	0.13467626	
rn3	0.33284286	0.33109650	0.13467626	0.00000000	
