	canFam2	hg17	mm6	rn3
canFam2	0.00000000	0.30772271	0.42576607	0.42710407	
hg17	0.30772271	0.00000000	0.41652000	0.41928419	
mm6	0.42576607	0.41652000	0.00000000	0.14402148	
rn3	0.42710407	0.41928419	0.14402148	0.00000000	
