	canFam2	hg17	mm6	rn3
canFam2	0.00000000	0.25982811	0.32764389	0.32771771	
hg17	0.25982811	0.00000000	0.32507176	0.32585048	
mm6	0.32764389	0.32507176	0.00000000	0.12995701	
rn3	0.32771771	0.32585048	0.12995701	0.00000000	
