	canFam2	hg17	mm6	rn3
canFam2	0.00000000	0.29983152	0.42842634	0.43081649	
hg17	0.29983152	0.00000000	0.42730080	0.43078830	
mm6	0.42842634	0.42730080	0.00000000	0.15249775	
rn3	0.43081649	0.43078830	0.15249775	0.00000000	
