	canFam2	hg17	mm6	rn3
canFam2	0.00000000	0.34128301	0.41490600	0.42207139	
hg17	0.34128301	0.00000000	0.43357899	0.43841054	
mm6	0.41490600	0.43357899	0.00000000	0.19584733	
rn3	0.42207139	0.43841054	0.19584733	0.00000000	
