	canFam2	hg17	mm6	rn3
canFam2	0.00000000	0.25462050	0.31693166	0.31822347	
hg17	0.25462050	0.00000000	0.31660034	0.31841946	
mm6	0.31693166	0.31660034	0.00000000	0.12441089	
rn3	0.31822347	0.31841946	0.12441089	0.00000000	
