	canFam2	hg17	mm6	rn3
canFam2	0.00000000	0.34127708	0.42987000	0.42922123	
hg17	0.34127708	0.00000000	0.43258391	0.43409041	
mm6	0.42987000	0.43258391	0.00000000	0.14312562	
rn3	0.42922123	0.43409041	0.14312562	0.00000000	
