	canFam2	hg17	mm6	rn3
canFam2	0.00000000	0.27308839	0.32854324	0.32800728	
hg17	0.27308839	0.00000000	0.32963707	0.33073833	
mm6	0.32854324	0.32963707	0.00000000	0.13251536	
rn3	0.32800728	0.33073833	0.13251536	0.00000000	
