	canFam2	hg17	mm6	rn3
canFam2	0.00000000	0.32498803	0.43473267	0.43581041	
hg17	0.32498803	0.00000000	0.42867694	0.43112078	
mm6	0.43473267	0.42867694	0.00000000	0.14758392	
rn3	0.43581041	0.43112078	0.14758392	0.00000000	
