	canFam2	hg17	mm6	rn3
canFam2	0.00000000	0.47118218	0.62618942	0.64640830	
hg17	0.47118218	0.00000000	0.67029500	0.68783257	
mm6	0.62618942	0.67029500	0.00000000	0.22720550	
rn3	0.64640830	0.68783257	0.22720550	0.00000000	
