	canFam2	hg17	mm6	rn3
canFam2	0.00000000	0.35883668	0.41087274	0.41920909	
hg17	0.35883668	0.00000000	0.43436098	0.44133491	
mm6	0.41087274	0.43436098	0.00000000	0.18449381	
rn3	0.41920909	0.44133491	0.18449381	0.00000000	
