	canFam2	hg17	mm6	rn3
canFam2	0.00000000	0.32213750	0.42804321	0.42933605	
hg17	0.32213750	0.00000000	0.42620853	0.42833530	
mm6	0.42804321	0.42620853	0.00000000	0.13722592	
rn3	0.42933605	0.42833530	0.13722592	0.00000000	
