	canFam2	hg17	mm6	rn3
canFam2	0.00000000	0.25004107	0.32657800	0.32672843	
hg17	0.25004107	0.00000000	0.32553066	0.32625489	
mm6	0.32657800	0.32553066	0.00000000	0.13793613	
rn3	0.32672843	0.32625489	0.13793613	0.00000000	
