	canFam2	hg17	mm6	rn3
canFam2	0.00000000	0.49124831	0.61428625	0.62574561	
hg17	0.49124831	0.00000000	0.66098513	0.66884735	
mm6	0.61428625	0.66098513	0.00000000	0.22612656	
rn3	0.62574561	0.66884735	0.22612656	0.00000000	
