	canFam2	hg17	mm6	rn3
canFam2	0.00000000	0.32440876	0.43455143	0.43560947	
hg17	0.32440876	0.00000000	0.43269656	0.43524028	
mm6	0.43455143	0.43269656	0.00000000	0.14105325	
rn3	0.43560947	0.43524028	0.14105325	0.00000000	
