	canFam2	hg17	mm6	rn3
canFam2	0.00000000	0.32036506	0.42548929	0.42760559	
hg17	0.32036506	0.00000000	0.42063073	0.42377663	
mm6	0.42548929	0.42063073	0.00000000	0.14024178	
rn3	0.42760559	0.42377663	0.14024178	0.00000000	
