	canFam2	hg17	mm6	rn3
canFam2	0.00000000	0.47530945	0.61924264	0.63159418	
hg17	0.47530945	0.00000000	0.66540369	0.67234453	
mm6	0.61924264	0.66540369	0.00000000	0.23163356	
rn3	0.63159418	0.67234453	0.23163356	0.00000000	
