	canFam2	hg17	mm6	rn3
canFam2	0.00000000	0.34294776	0.43709294	0.43619609	
hg17	0.34294776	0.00000000	0.43917487	0.44126071	
mm6	0.43709294	0.43917487	0.00000000	0.14722922	
rn3	0.43619609	0.44126071	0.14722922	0.00000000	
