	canFam2	hg17	mm6	rn3
canFam2	0.00000000	0.26137092	0.32705639	0.32767394	
hg17	0.26137092	0.00000000	0.32353202	0.32490340	
mm6	0.32705639	0.32353202	0.00000000	0.13305945	
rn3	0.32767394	0.32490340	0.13305945	0.00000000	
