	canFam2	hg17	mm6	rn3
canFam2	0.00000000	0.31678508	0.43230423	0.43271973	
hg17	0.31678508	0.00000000	0.43272353	0.43386405	
mm6	0.43230423	0.43272353	0.00000000	0.14813207	
rn3	0.43271973	0.43386405	0.14813207	0.00000000	
