	canFam2	hg17	mm6	rn3
canFam2	0.00000000	0.36854283	0.42077032	0.42707125	
hg17	0.36854283	0.00000000	0.44416426	0.44904274	
mm6	0.42077032	0.44416426	0.00000000	0.18890419	
rn3	0.42707125	0.44904274	0.18890419	0.00000000	
