	canFam2	hg17	mm6	rn3
canFam2	0.00000000	0.32265746	0.42864429	0.43012741	
hg17	0.32265746	0.00000000	0.42284497	0.42488660	
mm6	0.42864429	0.42284497	0.00000000	0.14367392	
rn3	0.43012741	0.42488660	0.14367392	0.00000000	
