	canFam2	hg17	mm6	rn3
canFam2	0.00000000	0.52025502	0.62825373	0.64375847	
hg17	0.52025502	0.00000000	0.69023526	0.70311582	
mm6	0.62825373	0.69023526	0.00000000	0.22252394	
rn3	0.64375847	0.70311582	0.22252394	0.00000000	
