	canFam2	hg17	mm6	rn3
canFam2	0.00000000	0.25966872	0.32530378	0.32632010	
hg17	0.25966872	0.00000000	0.32245503	0.32435830	
mm6	0.32530378	0.32245503	0.00000000	0.13013740	
rn3	0.32632010	0.32435830	0.13013740	0.00000000	
