	canFam2	hg17	mm6	rn3
canFam2	0.00000000	0.31836104	0.43769498	0.43772426	
hg17	0.31836104	0.00000000	0.43779309	0.43907340	
mm6	0.43769498	0.43779309	0.00000000	0.15199022	
rn3	0.43772426	0.43907340	0.15199022	0.00000000	
