	canFam2	hg17	mm6	rn3
canFam2	0.00000000	0.25603707	0.32521079	0.32550299	
hg17	0.25603707	0.00000000	0.32507888	0.32577541	
mm6	0.32521079	0.32507888	0.00000000	0.13346112	
rn3	0.32550299	0.32577541	0.13346112	0.00000000	
