	canFam2	hg17	mm6	rn3
canFam2	0.00000000	0.25738665	0.32898802	0.32905356	
hg17	0.25738665	0.00000000	0.32881181	0.32956173	
mm6	0.32898802	0.32881181	0.00000000	0.13671032	
rn3	0.32905356	0.32956173	0.13671032	0.00000000	
