	canFam2	hg17	mm6	rn3
canFam2	0.00000000	0.47375244	0.62044417	0.64085251	
hg17	0.47375244	0.00000000	0.67367680	0.69099346	
mm6	0.62044417	0.67367680	0.00000000	0.23309876	
rn3	0.64085251	0.69099346	0.23309876	0.00000000	
