	canFam2	hg17	mm6	rn3
canFam2	0.00000000	0.24775742	0.32792312	0.32916941	
hg17	0.24775742	0.00000000	0.32547967	0.32804639	
mm6	0.32792312	0.32547967	0.00000000	0.13370989	
rn3	0.32916941	0.32804639	0.13370989	0.00000000	
