	canFam2	hg17	mm6	rn3
canFam2	0.00000000	0.25941139	0.32295291	0.32379895	
hg17	0.25941139	0.00000000	0.31932080	0.32049249	
mm6	0.32295291	0.31932080	0.00000000	0.12975020	
rn3	0.32379895	0.32049249	0.12975020	0.00000000	
