	canFam2	hg17	mm6	rn3
canFam2	0.00000000	0.31785520	0.42401538	0.42597214	
hg17	0.31785520	0.00000000	0.42374764	0.42716311	
mm6	0.42401538	0.42374764	0.00000000	0.14123492	
rn3	0.42597214	0.42716311	0.14123492	0.00000000	
