	canFam2	hg17	mm6	rn3
canFam2	0.00000000	0.24691643	0.32564658	0.32771527	
hg17	0.24691643	0.00000000	0.32528297	0.32807906	
mm6	0.32564658	0.32528297	0.00000000	0.13659020	
rn3	0.32771527	0.32807906	0.13659020	0.00000000	
