	canFam2	hg17	mm6	rn3
canFam2	0.00000000	0.27191385	0.32410400	0.32366684	
hg17	0.27191385	0.00000000	0.32523276	0.32601740	
mm6	0.32410400	0.32523276	0.00000000	0.12914217	
rn3	0.32366684	0.32601740	0.12914217	0.00000000	
