	canFam2	hg17	mm6	rn3
canFam2	0.00000000	0.36437113	0.41613592	0.42397749	
hg17	0.36437113	0.00000000	0.43762224	0.44302480	
mm6	0.41613592	0.43762224	0.00000000	0.19187007	
rn3	0.42397749	0.44302480	0.19187007	0.00000000	
