	canFam2	hg17	mm6	rn3
canFam2	0.00000000	0.34435154	0.41940129	0.42785429	
hg17	0.34435154	0.00000000	0.43628918	0.44319474	
mm6	0.41940129	0.43628918	0.00000000	0.19255511	
rn3	0.42785429	0.44319474	0.19255511	0.00000000	
