	canFam2	hg17	mm6	rn3
canFam2	0.00000000	0.30095757	0.43035009	0.43281550	
hg17	0.30095757	0.00000000	0.42639322	0.43071287	
mm6	0.43035009	0.42639322	0.00000000	0.14456193	
rn3	0.43281550	0.43071287	0.14456193	0.00000000	
