	canFam2	hg17	mm6	rn3
canFam2	0.00000000	0.24849740	0.32288576	0.32322383	
hg17	0.24849740	0.00000000	0.32187059	0.32244656	
mm6	0.32288576	0.32187059	0.00000000	0.13485898	
rn3	0.32322383	0.32244656	0.13485898	0.00000000	
