	canFam2	hg17	mm6	rn3
canFam2	0.00000000	0.31142410	0.43120585	0.43397590	
hg17	0.31142410	0.00000000	0.42786505	0.43061649	
mm6	0.43120585	0.42786505	0.00000000	0.14302033	
rn3	0.43397590	0.43061649	0.14302033	0.00000000	
