	canFam2	hg17	mm6	rn3
canFam2	0.00000000	0.35071268	0.41872097	0.42738774	
hg17	0.35071268	0.00000000	0.43515487	0.44149782	
mm6	0.41872097	0.43515487	0.00000000	0.18894838	
rn3	0.42738774	0.44149782	0.18894838	0.00000000	
