	canFam2	hg17	mm6	rn3
canFam2	0.00000000	0.48290144	0.62353512	0.64446792	
hg17	0.48290144	0.00000000	0.66661584	0.68302088	
mm6	0.62353512	0.66661584	0.00000000	0.22248393	
rn3	0.64446792	0.68302088	0.22248393	0.00000000	
