	canFam2	hg17	mm6	rn3
canFam2	0.00000000	0.25955509	0.32338602	0.32414588	
hg17	0.25955509	0.00000000	0.32204441	0.32328308	
mm6	0.32338602	0.32204441	0.00000000	0.12452144	
rn3	0.32414588	0.32328308	0.12452144	0.00000000	
