	canFam2	hg17	mm6	rn3
canFam2	0.00000000	0.30241715	0.43171376	0.43551489	
hg17	0.30241715	0.00000000	0.43163833	0.43670412	
mm6	0.43171376	0.43163833	0.00000000	0.15201662	
rn3	0.43551489	0.43670412	0.15201662	0.00000000	
