	canFam2	hg17	mm6	rn3
canFam2	0.00000000	0.26140041	0.32741672	0.32803920	
hg17	0.26140041	0.00000000	0.32626079	0.32769954	
mm6	0.32741672	0.32626079	0.00000000	0.12775120	
rn3	0.32803920	0.32769954	0.12775120	0.00000000	
