	canFam2	hg17	mm6	rn3
canFam2	0.00000000	0.31526004	0.41718957	0.41945520	
hg17	0.31526004	0.00000000	0.41717389	0.42036326	
mm6	0.41718957	0.41717389	0.00000000	0.13724568	
rn3	0.41945520	0.42036326	0.13724568	0.00000000	
