	canFam2	hg17	mm6	rn3
canFam2	0.00000000	0.25691314	0.32132491	0.32243802	
hg17	0.25691314	0.00000000	0.32104022	0.32299034	
mm6	0.32132491	0.32104022	0.00000000	0.12773580	
rn3	0.32243802	0.32299034	0.12773580	0.00000000	
