	canFam2	hg17	mm6	rn3
canFam2	0.00000000	0.36089044	0.41513553	0.42377342	
hg17	0.36089044	0.00000000	0.43427543	0.44147856	
mm6	0.41513553	0.43427543	0.00000000	0.18872117	
rn3	0.42377342	0.44147856	0.18872117	0.00000000	
