	canFam2	hg17	mm6	rn3
canFam2	0.00000000	0.35373375	0.41410998	0.41899670	
hg17	0.35373375	0.00000000	0.43230683	0.43540765	
mm6	0.41410998	0.43230683	0.00000000	0.19169106	
rn3	0.41899670	0.43540765	0.19169106	0.00000000	
