	canFam2	hg17	mm6	rn3
canFam2	0.00000000	0.30730605	0.43380257	0.43418332	
hg17	0.30730605	0.00000000	0.43240997	0.43379227	
mm6	0.43380257	0.43240997	0.00000000	0.15342679	
rn3	0.43418332	0.43379227	0.15342679	0.00000000	
