	canFam2	hg17	mm6	rn3
canFam2	0.00000000	0.26366323	0.33092741	0.33121319	
hg17	0.26366323	0.00000000	0.33122857	0.33256510	
mm6	0.33092741	0.33122857	0.00000000	0.13057132	
rn3	0.33121319	0.33256510	0.13057132	0.00000000	
