	canFam2	hg17	mm6	rn3
canFam2	0.00000000	0.30548136	0.42882005	0.42958075	
hg17	0.30548136	0.00000000	0.42777880	0.42891552	
mm6	0.42882005	0.42777880	0.00000000	0.14979222	
rn3	0.42958075	0.42891552	0.14979222	0.00000000	
