	canFam2	hg17	mm6	rn3
canFam2	0.00000000	0.34479711	0.41702989	0.42571567	
hg17	0.34479711	0.00000000	0.43751286	0.44442139	
mm6	0.41702989	0.43751286	0.00000000	0.19663135	
rn3	0.42571567	0.44442139	0.19663135	0.00000000	
