	canFam2	hg17	mm6	rn3
canFam2	0.00000000	0.25761051	0.32107285	0.32225284	
hg17	0.25761051	0.00000000	0.31806578	0.31983669	
mm6	0.32107285	0.31806578	0.00000000	0.12687486	
rn3	0.32225284	0.31983669	0.12687486	0.00000000	
