	canFam2	hg17	mm6	rn3
canFam2	0.00000000	0.25477544	0.32870489	0.33001418	
hg17	0.25477544	0.00000000	0.32671127	0.32838366	
mm6	0.32870489	0.32671127	0.00000000	0.13226461	
rn3	0.33001418	0.32838366	0.13226461	0.00000000	
