	canFam2	hg17	mm6	rn3
canFam2	0.00000000	0.32255028	0.43167163	0.43340769	
hg17	0.32255028	0.00000000	0.42687706	0.43019689	
mm6	0.43167163	0.42687706	0.00000000	0.14403719	
rn3	0.43340769	0.43019689	0.14403719	0.00000000	
