	canFam2	hg17	mm6	rn3
canFam2	0.00000000	0.29988098	0.42541254	0.42956958	
hg17	0.29988098	0.00000000	0.42579464	0.43054784	
mm6	0.42541254	0.42579464	0.00000000	0.14819764	
rn3	0.42956958	0.43054784	0.14819764	0.00000000	
