	canFam2	hg17	mm6	rn3
canFam2	0.00000000	0.32778401	0.44091790	0.44149725	
hg17	0.32778401	0.00000000	0.44199783	0.44447017	
mm6	0.44091790	0.44199783	0.00000000	0.14455944	
rn3	0.44149725	0.44447017	0.14455944	0.00000000	
