	canFam2	hg17	mm6	rn3
canFam2	0.00000000	0.26204497	0.32700871	0.32747209	
hg17	0.26204497	0.00000000	0.32730918	0.32843206	
mm6	0.32700871	0.32730918	0.00000000	0.12740536	
rn3	0.32747209	0.32843206	0.12740536	0.00000000	
