	canFam2	hg17	mm6	rn3
canFam2	0.00000000	0.38299472	0.42008470	0.42398232	
hg17	0.38299472	0.00000000	0.45091800	0.45459233	
mm6	0.42008470	0.45091800	0.00000000	0.19226954	
rn3	0.42398232	0.45459233	0.19226954	0.00000000	
