	canFam2	hg17	mm6	rn3
canFam2	0.00000000	0.54934235	0.62675179	0.63643630	
hg17	0.54934235	0.00000000	0.70814887	0.71865746	
mm6	0.62675179	0.70814887	0.00000000	0.22786347	
rn3	0.63643630	0.71865746	0.22786347	0.00000000	
