	canFam2	hg17	mm6	rn3
canFam2	0.00000000	0.51385307	0.61947309	0.63826170	
hg17	0.51385307	0.00000000	0.67605806	0.69001858	
mm6	0.61947309	0.67605806	0.00000000	0.22637239	
rn3	0.63826170	0.69001858	0.22637239	0.00000000	
