	canFam2	hg17	mm6	rn3
canFam2	0.00000000	0.50380194	0.60651283	0.62598538	
hg17	0.50380194	0.00000000	0.66640098	0.68416482	
mm6	0.60651283	0.66640098	0.00000000	0.21689501	
rn3	0.62598538	0.68416482	0.21689501	0.00000000	
