	canFam2	hg17	mm6	rn3
canFam2	0.00000000	0.24494954	0.32143348	0.32378219	
hg17	0.24494954	0.00000000	0.32118170	0.32384632	
mm6	0.32143348	0.32118170	0.00000000	0.13339158	
rn3	0.32378219	0.32384632	0.13339158	0.00000000	
