	canFam2	hg17	mm6	rn3
canFam2	0.00000000	0.50750252	0.61704700	0.63773576	
hg17	0.50750252	0.00000000	0.66673763	0.68523348	
mm6	0.61704700	0.66673763	0.00000000	0.22206198	
rn3	0.63773576	0.68523348	0.22206198	0.00000000	
