	canFam2	hg17	mm6	rn3
canFam2	0.00000000	0.25299101	0.32505482	0.32660726	
hg17	0.25299101	0.00000000	0.32287348	0.32442395	
mm6	0.32505482	0.32287348	0.00000000	0.12936353	
rn3	0.32660726	0.32442395	0.12936353	0.00000000	
