	canFam2	hg17	mm6	rn3
canFam2	0.00000000	0.24608953	0.32412494	0.32558516	
hg17	0.24608953	0.00000000	0.32172139	0.32418320	
mm6	0.32412494	0.32172139	0.00000000	0.13058015	
rn3	0.32558516	0.32418320	0.13058015	0.00000000	
