	canFam2	hg17	mm6	rn3
canFam2	0.00000000	0.30323770	0.43591549	0.43798521	
hg17	0.30323770	0.00000000	0.43171293	0.43620367	
mm6	0.43591549	0.43171293	0.00000000	0.14823846	
rn3	0.43798521	0.43620367	0.14823846	0.00000000	
