	canFam2	hg17	mm6	rn3
canFam2	0.00000000	0.31384757	0.43689078	0.43929571	
hg17	0.31384757	0.00000000	0.43361962	0.43668074	
mm6	0.43689078	0.43361962	0.00000000	0.14651852	
rn3	0.43929571	0.43668074	0.14651852	0.00000000	
