	canFam2	hg17	mm6	rn3
canFam2	0.00000000	0.32568580	0.43492888	0.43580943	
hg17	0.32568580	0.00000000	0.43641471	0.43842323	
mm6	0.43492888	0.43641471	0.00000000	0.14085079	
rn3	0.43580943	0.43842323	0.14085079	0.00000000	
