	canFam2	hg17	mm6	rn3
canFam2	0.00000000	0.51213628	0.62155119	0.64103585	
hg17	0.51213628	0.00000000	0.67851917	0.69577784	
mm6	0.62155119	0.67851917	0.00000000	0.21711522	
rn3	0.64103585	0.69577784	0.21711522	0.00000000	
