	canFam2	hg17	mm6	rn3
canFam2	0.00000000	0.36432929	0.41785350	0.42609982	
hg17	0.36432929	0.00000000	0.43972236	0.44646711	
mm6	0.41785350	0.43972236	0.00000000	0.18489235	
rn3	0.42609982	0.44646711	0.18489235	0.00000000	
