	canFam2	hg17	mm6	rn3
canFam2	0.00000000	0.34550143	0.41580061	0.42070059	
hg17	0.34550143	0.00000000	0.43323898	0.43581153	
mm6	0.41580061	0.43323898	0.00000000	0.19571786	
rn3	0.42070059	0.43581153	0.19571786	0.00000000	
