	canFam2	hg17	mm6	rn3
canFam2	0.00000000	0.50832954	0.62199456	0.63015292	
hg17	0.50832954	0.00000000	0.68149317	0.68525094	
mm6	0.62199456	0.68149317	0.00000000	0.23169679	
rn3	0.63015292	0.68525094	0.23169679	0.00000000	
