	canFam2	hg17	mm6	rn3
canFam2	0.00000000	0.29860320	0.41528629	0.41754456	
hg17	0.29860320	0.00000000	0.40718118	0.41050508	
mm6	0.41528629	0.40718118	0.00000000	0.13454933	
rn3	0.41754456	0.41050508	0.13454933	0.00000000	
