	canFam2	hg17	mm6	rn3
canFam2	0.00000000	0.24343302	0.32002427	0.32219000	
hg17	0.24343302	0.00000000	0.31402571	0.31732127	
mm6	0.32002427	0.31402571	0.00000000	0.13251022	
rn3	0.32219000	0.31732127	0.13251022	0.00000000	
