	canFam2	hg17	mm6	rn3
canFam2	0.00000000	0.32854718	0.44457836	0.44449794	
hg17	0.32854718	0.00000000	0.43617848	0.43702362	
mm6	0.44457836	0.43617848	0.00000000	0.14659549	
rn3	0.44449794	0.43702362	0.14659549	0.00000000	
