	canFam2	hg17	mm6	rn3
canFam2	0.00000000	0.49226646	0.61857995	0.63653012	
hg17	0.49226646	0.00000000	0.65027286	0.66116256	
mm6	0.61857995	0.65027286	0.00000000	0.22336705	
rn3	0.63653012	0.66116256	0.22336705	0.00000000	
