	canFam2	hg17	mm6	rn3
canFam2	0.00000000	0.47241235	0.60294820	0.62459837	
hg17	0.47241235	0.00000000	0.63428680	0.65090826	
mm6	0.60294820	0.63428680	0.00000000	0.21502075	
rn3	0.62459837	0.65090826	0.21502075	0.00000000	
