	canFam2	hg17	mm6	rn3
canFam2	0.00000000	0.32438146	0.43870847	0.43759935	
hg17	0.32438146	0.00000000	0.44561701	0.44514570	
mm6	0.43870847	0.44561701	0.00000000	0.15239358	
rn3	0.43759935	0.44514570	0.15239358	0.00000000	
