	canFam2	hg17	mm6	rn3
canFam2	0.00000000	0.47341370	0.61503555	0.63724705	
hg17	0.47341370	0.00000000	0.65053167	0.66615989	
mm6	0.61503555	0.65053167	0.00000000	0.22815159	
rn3	0.63724705	0.66615989	0.22815159	0.00000000	
