	canFam2	hg17	mm6	rn3
canFam2	0.00000000	0.30622801	0.42884016	0.43132543	
hg17	0.30622801	0.00000000	0.42181451	0.42510609	
mm6	0.42884016	0.42181451	0.00000000	0.14648724	
rn3	0.43132543	0.42510609	0.14648724	0.00000000	
