	canFam2	hg17	mm6	rn3
canFam2	0.00000000	0.26014531	0.33053453	0.33105355	
hg17	0.26014531	0.00000000	0.33029865	0.33156539	
mm6	0.33053453	0.33029865	0.00000000	0.13296595	
rn3	0.33105355	0.33156539	0.13296595	0.00000000	
