	canFam2	hg17	mm6	rn3
canFam2	0.00000000	0.26403739	0.33300695	0.33293633	
hg17	0.26403739	0.00000000	0.32811483	0.32850665	
mm6	0.33300695	0.32811483	0.00000000	0.13231568	
rn3	0.33293633	0.32850665	0.13231568	0.00000000	
