	canFam2	hg17	mm6	rn3
canFam2	0.00000000	0.47423042	0.60056488	0.62796084	
hg17	0.47423042	0.00000000	0.64506939	0.66779347	
mm6	0.60056488	0.64506939	0.00000000	0.21560701	
rn3	0.62796084	0.66779347	0.21560701	0.00000000	
