	canFam2	hg17	mm6	rn3
canFam2	0.00000000	0.25653257	0.32601340	0.32681002	
hg17	0.25653257	0.00000000	0.31914792	0.32017372	
mm6	0.32601340	0.31914792	0.00000000	0.13104056	
rn3	0.32681002	0.32017372	0.13104056	0.00000000	
