	canFam2	hg17	mm6	rn3
canFam2	0.00000000	0.32598024	0.44458265	0.44298631	
hg17	0.32598024	0.00000000	0.45117339	0.45074469	
mm6	0.44458265	0.45117339	0.00000000	0.15643981	
rn3	0.44298631	0.45074469	0.15643981	0.00000000	
