	canFam2	hg17	mm6	rn3
canFam2	0.00000000	0.29769220	0.42243491	0.42618338	
hg17	0.29769220	0.00000000	0.41229952	0.41792561	
mm6	0.42243491	0.41229952	0.00000000	0.14688174	
rn3	0.42618338	0.41792561	0.14688174	0.00000000	
