	canFam2	hg17	mm6	rn3
canFam2	0.00000000	0.32332563	0.44103561	0.44184892	
hg17	0.32332563	0.00000000	0.44101936	0.44325550	
mm6	0.44103561	0.44101936	0.00000000	0.14746430	
rn3	0.44184892	0.44325550	0.14746430	0.00000000	
