	canFam2	hg17	mm6	rn3
canFam2	0.00000000	0.45868905	0.60435683	0.62682925	
hg17	0.45868905	0.00000000	0.63223775	0.65016121	
mm6	0.60435683	0.63223775	0.00000000	0.22367874	
rn3	0.62682925	0.65016121	0.22367874	0.00000000	
