	canFam2	hg17	mm6	rn3
canFam2	0.00000000	0.34549542	0.41546210	0.42474863	
hg17	0.34549542	0.00000000	0.42931793	0.43546677	
mm6	0.41546210	0.42931793	0.00000000	0.19355359	
rn3	0.42474863	0.43546677	0.19355359	0.00000000	
