	canFam2	hg17	mm6	rn3
canFam2	0.00000000	0.24404561	0.31601800	0.31736062	
hg17	0.24404561	0.00000000	0.31119486	0.31316556	
mm6	0.31601800	0.31119486	0.00000000	0.12235659	
rn3	0.31736062	0.31316556	0.12235659	0.00000000	
