	canFam2	hg17	mm6	rn3
canFam2	0.00000000	0.24371507	0.32933406	0.33158217	
hg17	0.24371507	0.00000000	0.32866464	0.33136039	
mm6	0.32933406	0.32866464	0.00000000	0.14171014	
rn3	0.33158217	0.33136039	0.14171014	0.00000000	
