	canFam2	hg17	mm6	rn3
canFam2	0.00000000	0.24956159	0.32413804	0.32557453	
hg17	0.24956159	0.00000000	0.31995497	0.32184327	
mm6	0.32413804	0.31995497	0.00000000	0.13232440	
rn3	0.32557453	0.32184327	0.13232440	0.00000000	
