	canFam2	hg17	mm6	rn3
canFam2	0.00000000	0.50054859	0.62897597	0.64122733	
hg17	0.50054859	0.00000000	0.68012352	0.69172721	
mm6	0.62897597	0.68012352	0.00000000	0.22460391	
rn3	0.64122733	0.69172721	0.22460391	0.00000000	
