	canFam2	hg17	mm6	rn3
canFam2	0.00000000	0.51375878	0.62622763	0.63831663	
hg17	0.51375878	0.00000000	0.67194536	0.68080292	
mm6	0.62622763	0.67194536	0.00000000	0.22310188	
rn3	0.63831663	0.68080292	0.22310188	0.00000000	
