	canFam2	hg17	mm6	rn3
canFam2	0.00000000	0.24139274	0.31609918	0.31848121	
hg17	0.24139274	0.00000000	0.31011999	0.31334609	
mm6	0.31609918	0.31011999	0.00000000	0.12942715	
rn3	0.31848121	0.31334609	0.12942715	0.00000000	
