	canFam2	hg17	mm6	rn3
canFam2	0.00000000	0.32485972	0.44704596	0.44724116	
hg17	0.32485972	0.00000000	0.44683542	0.44913074	
mm6	0.44704596	0.44683542	0.00000000	0.15114986	
rn3	0.44724116	0.44913074	0.15114986	0.00000000	
