	canFam2	hg17	mm6	rn3
canFam2	0.00000000	0.26241679	0.32917164	0.32932563	
hg17	0.26241679	0.00000000	0.32426714	0.32446276	
mm6	0.32917164	0.32426714	0.00000000	0.12910918	
rn3	0.32932563	0.32446276	0.12910918	0.00000000	
