	canFam2	hg17	mm6	rn3
canFam2	0.00000000	0.35961347	0.41716347	0.42278636	
hg17	0.35961347	0.00000000	0.43361435	0.43754852	
mm6	0.41716347	0.43361435	0.00000000	0.18843059	
rn3	0.42278636	0.43754852	0.18843059	0.00000000	
