	canFam2	hg17	mm6	rn3
canFam2	0.00000000	0.36514158	0.41992481	0.42490001	
hg17	0.36514158	0.00000000	0.43721931	0.44052011	
mm6	0.41992481	0.43721931	0.00000000	0.18977077	
rn3	0.42490001	0.44052011	0.18977077	0.00000000	
