	canFam2	hg17	mm6	rn3
canFam2	0.00000000	0.26143354	0.33423246	0.33442031	
hg17	0.26143354	0.00000000	0.33402233	0.33532361	
mm6	0.33423246	0.33402233	0.00000000	0.13605712	
rn3	0.33442031	0.33532361	0.13605712	0.00000000	
