	canFam2	hg17	mm6	rn3
canFam2	0.00000000	0.32347879	0.43940968	0.43986914	
hg17	0.32347879	0.00000000	0.43354236	0.43544005	
mm6	0.43940968	0.43354236	0.00000000	0.14752569	
rn3	0.43986914	0.43544005	0.14752569	0.00000000	
