	canFam2	hg17	mm6	rn3
canFam2	0.00000000	0.26060194	0.32991704	0.33020051	
hg17	0.26060194	0.00000000	0.32647312	0.32756577	
mm6	0.32991704	0.32647312	0.00000000	0.13311592	
rn3	0.33020051	0.32756577	0.13311592	0.00000000	
