	canFam2	hg17	mm6	rn3
canFam2	0.00000000	0.33968868	0.41889929	0.42689123	
hg17	0.33968868	0.00000000	0.43665835	0.44205050	
mm6	0.41889929	0.43665835	0.00000000	0.19948824	
rn3	0.42689123	0.44205050	0.19948824	0.00000000	
