	canFam2	hg17	mm6	rn3
canFam2	0.00000000	0.29475823	0.43162984	0.43608170	
hg17	0.29475823	0.00000000	0.43081482	0.43559195	
mm6	0.43162984	0.43081482	0.00000000	0.15420956	
rn3	0.43608170	0.43559195	0.15420956	0.00000000	
