	canFam2	hg17	mm6	rn3
canFam2	0.00000000	0.34417143	0.40996917	0.41912893	
hg17	0.34417143	0.00000000	0.42212651	0.42876790	
mm6	0.40996917	0.42212651	0.00000000	0.18368592	
rn3	0.41912893	0.42876790	0.18368592	0.00000000	
