	canFam2	hg17	mm6	rn3
canFam2	0.00000000	0.33620375	0.40879561	0.41856430	
hg17	0.33620375	0.00000000	0.41906985	0.42663229	
mm6	0.40879561	0.41906985	0.00000000	0.18974303	
rn3	0.41856430	0.42663229	0.18974303	0.00000000	
