	canFam2	hg17	mm6	rn3
canFam2	0.00000000	0.26255598	0.33317183	0.33235499	
hg17	0.26255598	0.00000000	0.33647988	0.33631637	
mm6	0.33317183	0.33647988	0.00000000	0.14036613	
rn3	0.33235499	0.33631637	0.14036613	0.00000000	
