	canFam2	hg17	mm6	rn3
canFam2	0.00000000	0.25889530	0.32609129	0.32656044	
hg17	0.25889530	0.00000000	0.32258789	0.32355427	
mm6	0.32609129	0.32258789	0.00000000	0.12997940	
rn3	0.32656044	0.32355427	0.12997940	0.00000000	
