	canFam2	hg17	mm6	rn3
canFam2	0.00000000	0.30390051	0.41805494	0.41999182	
hg17	0.30390051	0.00000000	0.40653725	0.40960830	
mm6	0.41805494	0.40653725	0.00000000	0.13572708	
rn3	0.41999182	0.40960830	0.13572708	0.00000000	
