	canFam2	hg17	mm6	rn3
canFam2	0.00000000	0.46236636	0.62295095	0.64210895	
hg17	0.46236636	0.00000000	0.66853554	0.68243266	
mm6	0.62295095	0.66853554	0.00000000	0.23633763	
rn3	0.64210895	0.68243266	0.23633763	0.00000000	
