	canFam2	hg17	mm6	rn3
canFam2	0.00000000	0.32150499	0.43378250	0.43456756	
hg17	0.32150499	0.00000000	0.42810019	0.42973530	
mm6	0.43378250	0.42810019	0.00000000	0.14380272	
rn3	0.43456756	0.42973530	0.14380272	0.00000000	
