	canFam2	hg17	mm6	rn3
canFam2	0.00000000	0.24969185	0.32180079	0.32271325	
hg17	0.24969185	0.00000000	0.31505636	0.31695472	
mm6	0.32180079	0.31505636	0.00000000	0.12659124	
rn3	0.32271325	0.31695472	0.12659124	0.00000000	
