	canFam2	hg17	mm6	rn3
canFam2	0.00000000	0.36264856	0.41821869	0.42158926	
hg17	0.36264856	0.00000000	0.44128402	0.44267711	
mm6	0.41821869	0.44128402	0.00000000	0.19612505	
rn3	0.42158926	0.44267711	0.19612505	0.00000000	
