	canFam2	hg17	mm6	rn3
canFam2	0.00000000	0.24208856	0.32562692	0.32811502	
hg17	0.24208856	0.00000000	0.32491168	0.32759480	
mm6	0.32562692	0.32491168	0.00000000	0.13860015	
rn3	0.32811502	0.32759480	0.13860015	0.00000000	
