	canFam2	hg17	mm6	rn3
canFam2	0.00000000	0.50358882	0.62096807	0.63432146	
hg17	0.50358882	0.00000000	0.66422892	0.67412643	
mm6	0.62096807	0.66422892	0.00000000	0.22122594	
rn3	0.63432146	0.67412643	0.22122594	0.00000000	
