	canFam2	hg17	mm6	rn3
canFam2	0.00000000	0.34392899	0.40732204	0.41893100	
hg17	0.34392899	0.00000000	0.42473470	0.43359140	
mm6	0.40732204	0.42473470	0.00000000	0.18336091	
rn3	0.41893100	0.43359140	0.18336091	0.00000000	
