	canFam2	hg17	mm6	rn3
canFam2	0.00000000	0.29701617	0.43764180	0.44165304	
hg17	0.29701617	0.00000000	0.43667544	0.44151188	
mm6	0.43764180	0.43667544	0.00000000	0.15799371	
rn3	0.44165304	0.44151188	0.15799371	0.00000000	
