	canFam2	hg17	mm6	rn3
canFam2	0.00000000	0.35836133	0.42115975	0.42623786	
hg17	0.35836133	0.00000000	0.44082495	0.44523897	
mm6	0.42115975	0.44082495	0.00000000	0.19066075	
rn3	0.42623786	0.44523897	0.19066075	0.00000000	
