	canFam2	hg17	mm6	rn3
canFam2	0.00000000	0.35449008	0.41654999	0.42420307	
hg17	0.35449008	0.00000000	0.42848150	0.43308342	
mm6	0.41654999	0.42848150	0.00000000	0.19018498	
rn3	0.42420307	0.43308342	0.19018498	0.00000000	
