	canFam2	hg17	mm6	rn3
canFam2	0.00000000	0.31756795	0.43285321	0.43408572	
hg17	0.31756795	0.00000000	0.42116294	0.42287491	
mm6	0.43285321	0.42116294	0.00000000	0.14499756	
rn3	0.43408572	0.42287491	0.14499756	0.00000000	
