	canFam2	hg17	mm6	rn3
canFam2	0.00000000	0.26132899	0.32942810	0.32885734	
hg17	0.26132899	0.00000000	0.33279477	0.33258145	
mm6	0.32942810	0.33279477	0.00000000	0.13705238	
rn3	0.32885734	0.33258145	0.13705238	0.00000000	
