	canFam2	hg17	mm6	rn3
canFam2	0.00000000	0.30651504	0.42406771	0.42568766	
hg17	0.30651504	0.00000000	0.41246411	0.41577153	
mm6	0.42406771	0.41246411	0.00000000	0.13944660	
rn3	0.42568766	0.41577153	0.13944660	0.00000000	
