	canFam2	hg17	mm6	rn3
canFam2	0.00000000	0.31977204	0.43870391	0.43973790	
hg17	0.31977204	0.00000000	0.42701335	0.42902859	
mm6	0.43870391	0.42701335	0.00000000	0.14884925	
rn3	0.43973790	0.42902859	0.14884925	0.00000000	
