	canFam2	hg17	mm6	rn3
canFam2	0.00000000	0.24176252	0.31184663	0.31331793	
hg17	0.24176252	0.00000000	0.30684719	0.30870092	
mm6	0.31184663	0.30684719	0.00000000	0.11919459	
rn3	0.31331793	0.30870092	0.11919459	0.00000000	
