	canFam2	hg17	mm6	rn3
canFam2	0.00000000	0.25829604	0.32984571	0.33046848	
hg17	0.25829604	0.00000000	0.32308839	0.32423560	
mm6	0.32984571	0.32308839	0.00000000	0.13424185	
rn3	0.33046848	0.32423560	0.13424185	0.00000000	
