	canFam2	hg17	mm6	rn3
canFam2	0.00000000	0.25140177	0.32785109	0.32907583	
hg17	0.25140177	0.00000000	0.32377974	0.32570506	
mm6	0.32785109	0.32377974	0.00000000	0.13544143	
rn3	0.32907583	0.32570506	0.13544143	0.00000000	
