	canFam2	hg17	mm6	rn3
canFam2	0.00000000	0.29589342	0.40934532	0.41184944	
hg17	0.29589342	0.00000000	0.40114733	0.40432353	
mm6	0.40934532	0.40114733	0.00000000	0.13085117	
rn3	0.41184944	0.40432353	0.13085117	0.00000000	
