	canFam2	hg17	mm6	rn3
canFam2	0.00000000	0.32645441	0.43874285	0.43900093	
hg17	0.32645441	0.00000000	0.43063193	0.43097818	
mm6	0.43874285	0.43063193	0.00000000	0.14278196	
rn3	0.43900093	0.43097818	0.14278196	0.00000000	
