	canFam2	hg17	mm6	rn3
canFam2	0.00000000	0.24756317	0.31792959	0.31904405	
hg17	0.24756317	0.00000000	0.31110420	0.31289595	
mm6	0.31792959	0.31110420	0.00000000	0.12345553	
rn3	0.31904405	0.31289595	0.12345553	0.00000000	
