	canFam2	hg17	mm6	rn3
canFam2	0.00000000	0.30870778	0.43473068	0.43692655	
hg17	0.30870778	0.00000000	0.42769383	0.43115234	
mm6	0.43473068	0.42769383	0.00000000	0.15021981	
rn3	0.43692655	0.43115234	0.15021981	0.00000000	
