	canFam2	hg17	mm6	rn3
canFam2	0.00000000	0.29527512	0.41706597	0.42119193	
hg17	0.29527512	0.00000000	0.40722333	0.41270799	
mm6	0.41706597	0.40722333	0.00000000	0.14330889	
rn3	0.42119193	0.41270799	0.14330889	0.00000000	
