	canFam2	hg17	mm6	rn3
canFam2	0.00000000	0.25389052	0.32611632	0.32613074	
hg17	0.25389052	0.00000000	0.32468110	0.32492450	
mm6	0.32611632	0.32468110	0.00000000	0.13047654	
rn3	0.32613074	0.32492450	0.13047654	0.00000000	
