	canFam2	hg17	mm6	rn3
canFam2	0.00000000	0.25563001	0.32998930	0.32980199	
hg17	0.25563001	0.00000000	0.32858581	0.32903600	
mm6	0.32998930	0.32858581	0.00000000	0.13375294	
rn3	0.32980199	0.32903600	0.13375294	0.00000000	
