	canFam2	hg17	mm6	rn3
canFam2	0.00000000	0.31564584	0.43959233	0.43916163	
hg17	0.31564584	0.00000000	0.43727504	0.43796785	
mm6	0.43959233	0.43727504	0.00000000	0.14832106	
rn3	0.43916163	0.43796785	0.14832106	0.00000000	
