	canFam2	hg17	mm6	rn3
canFam2	0.00000000	0.48898245	0.62165049	0.63709629	
hg17	0.48898245	0.00000000	0.67090138	0.68234941	
mm6	0.62165049	0.67090138	0.00000000	0.22487948	
rn3	0.63709629	0.68234941	0.22487948	0.00000000	
