	canFam2	hg17	mm6	rn3
canFam2	0.00000000	0.31337019	0.43373913	0.43368562	
hg17	0.31337019	0.00000000	0.43163809	0.43191531	
mm6	0.43373913	0.43163809	0.00000000	0.14441899	
rn3	0.43368562	0.43191531	0.14441899	0.00000000	
