	canFam2	hg17	mm6	rn3
canFam2	0.00000000	0.35275654	0.41742440	0.42383625	
hg17	0.35275654	0.00000000	0.43646636	0.44089126	
mm6	0.41742440	0.43646636	0.00000000	0.19093691	
rn3	0.42383625	0.44089126	0.19093691	0.00000000	
