	canFam2	hg17	mm6	rn3
canFam2	0.00000000	0.52335535	0.61314379	0.63090609	
hg17	0.52335535	0.00000000	0.66151199	0.67622820	
mm6	0.61314379	0.66151199	0.00000000	0.21521496	
rn3	0.63090609	0.67622820	0.21521496	0.00000000	
