	canFam2	hg17	mm6	rn3
canFam2	0.00000000	0.26364149	0.32206955	0.32222005	
hg17	0.26364149	0.00000000	0.31745935	0.31814159	
mm6	0.32206955	0.31745935	0.00000000	0.12380796	
rn3	0.32222005	0.31814159	0.12380796	0.00000000	
