	canFam2	hg17	mm6	rn3
canFam2	0.00000000	0.26582450	0.32635947	0.32636200	
hg17	0.26582450	0.00000000	0.32195662	0.32276666	
mm6	0.32635947	0.32195662	0.00000000	0.12722337	
rn3	0.32636200	0.32276666	0.12722337	0.00000000	
