	canFam2	hg17	mm6	rn3
canFam2	0.00000000	0.36907984	0.41417340	0.42169206	
hg17	0.36907984	0.00000000	0.43281103	0.43863531	
mm6	0.41417340	0.43281103	0.00000000	0.18373404	
rn3	0.42169206	0.43863531	0.18373404	0.00000000	
