	canFam2	hg17	mm6	rn3
canFam2	0.00000000	0.32910413	0.42594108	0.42617721	
hg17	0.32910413	0.00000000	0.41836001	0.41950019	
mm6	0.42594108	0.41836001	0.00000000	0.13628260	
rn3	0.42617721	0.41950019	0.13628260	0.00000000	
