	canFam2	hg17	mm6	rn3
canFam2	0.00000000	0.33165470	0.43279943	0.43276904	
hg17	0.33165470	0.00000000	0.42521480	0.42662008	
mm6	0.43279943	0.42521480	0.00000000	0.14033572	
rn3	0.43276904	0.42662008	0.14033572	0.00000000	
