	canFam2	hg17	mm6	rn3
canFam2	0.00000000	0.25697988	0.32160394	0.32280657	
hg17	0.25697988	0.00000000	0.32150244	0.32369507	
mm6	0.32160394	0.32150244	0.00000000	0.12806832	
rn3	0.32280657	0.32369507	0.12806832	0.00000000	
