	canFam2	hg17	mm6	rn3
canFam2	0.00000000	0.31651896	0.41893132	0.42124177	
hg17	0.31651896	0.00000000	0.41902392	0.42248163	
mm6	0.41893132	0.41902392	0.00000000	0.13778040	
rn3	0.42124177	0.42248163	0.13778040	0.00000000	
