	canFam2	hg17	mm6	rn3
canFam2	0.00000000	0.50656031	0.60197345	0.61973464	
hg17	0.50656031	0.00000000	0.66138333	0.67766771	
mm6	0.60197345	0.66138333	0.00000000	0.21689770	
rn3	0.61973464	0.67766771	0.21689770	0.00000000	
