	canFam2	hg17	mm6	rn3
canFam2	0.00000000	0.35965221	0.40825939	0.41592957	
hg17	0.35965221	0.00000000	0.43191885	0.43837256	
mm6	0.40825939	0.43191885	0.00000000	0.18471055	
rn3	0.41592957	0.43837256	0.18471055	0.00000000	
