	canFam2	hg17	mm6	rn3
canFam2	0.00000000	0.25519898	0.31746415	0.31880348	
hg17	0.25519898	0.00000000	0.31728587	0.31925810	
mm6	0.31746415	0.31728587	0.00000000	0.12480678	
rn3	0.31880348	0.31925810	0.12480678	0.00000000	
