	canFam2	hg17	mm6	rn3
canFam2	0.00000000	0.31846794	0.42510706	0.42714754	
hg17	0.31846794	0.00000000	0.42508680	0.42892160	
mm6	0.42510706	0.42508680	0.00000000	0.14162019	
rn3	0.42714754	0.42892160	0.14162019	0.00000000	
