	canFam2	hg17	mm6	rn3
canFam2	0.00000000	0.31342867	0.43446654	0.43624774	
hg17	0.31342867	0.00000000	0.42734356	0.42990880	
mm6	0.43446654	0.42734356	0.00000000	0.14630876	
rn3	0.43624774	0.42990880	0.14630876	0.00000000	
