	canFam2	hg17	mm6	rn3
canFam2	0.00000000	0.25427150	0.32742651	0.32842122	
hg17	0.25427150	0.00000000	0.32322719	0.32467942	
mm6	0.32742651	0.32322719	0.00000000	0.13217059	
rn3	0.32842122	0.32467942	0.13217059	0.00000000	
