	canFam2	hg17	mm6	rn3
canFam2	0.00000000	0.31098270	0.42844298	0.43051808	
hg17	0.31098270	0.00000000	0.42134631	0.42354068	
mm6	0.42844298	0.42134631	0.00000000	0.14256889	
rn3	0.43051808	0.42354068	0.14256889	0.00000000	
