	canFam2	hg17	mm6	rn3
canFam2	0.00000000	0.25231278	0.32352733	0.32471532	
hg17	0.25231278	0.00000000	0.31919775	0.32047110	
mm6	0.32352733	0.31919775	0.00000000	0.12902618	
rn3	0.32471532	0.32047110	0.12902618	0.00000000	
