	canFam2	hg17	mm6	rn3
canFam2	0.00000000	0.35373840	0.41681586	0.42434804	
hg17	0.35373840	0.00000000	0.43416602	0.43967629	
mm6	0.41681586	0.43416602	0.00000000	0.18980937	
rn3	0.42434804	0.43967629	0.18980937	0.00000000	
