	canFam2	hg17	mm6	rn3
canFam2	0.00000000	0.49110332	0.61896838	0.63700287	
hg17	0.49110332	0.00000000	0.66432837	0.67845955	
mm6	0.61896838	0.66432837	0.00000000	0.22326167	
rn3	0.63700287	0.67845955	0.22326167	0.00000000	
