	canFam2	hg17	mm6	rn3
canFam2	0.00000000	0.24995996	0.32089308	0.32202620	
hg17	0.24995996	0.00000000	0.31884990	0.32054340	
mm6	0.32089308	0.31884990	0.00000000	0.13194447	
rn3	0.32202620	0.32054340	0.13194447	0.00000000	
