	canFam2	hg17	mm6	rn3
canFam2	0.00000000	0.34883523	0.41038841	0.41846866	
hg17	0.34883523	0.00000000	0.42952430	0.43578147	
mm6	0.41038841	0.42952430	0.00000000	0.19047562	
rn3	0.41846866	0.43578147	0.19047562	0.00000000	
