	canFam2	hg17	mm6	rn3
canFam2	0.00000000	0.30513516	0.41765357	0.41998385	
hg17	0.30513516	0.00000000	0.41439824	0.41714513	
mm6	0.41765357	0.41439824	0.00000000	0.14234141	
rn3	0.41998385	0.41714513	0.14234141	0.00000000	
