	canFam2	hg17	mm6	rn3
canFam2	0.00000000	0.48350439	0.60613106	0.62520568	
hg17	0.48350439	0.00000000	0.65488102	0.67069403	
mm6	0.60613106	0.65488102	0.00000000	0.22446371	
rn3	0.62520568	0.67069403	0.22446371	0.00000000	
