	canFam2	hg17	mm6	rn3
canFam2	0.00000000	0.24798264	0.31686095	0.31821225	
hg17	0.24798264	0.00000000	0.31475545	0.31633246	
mm6	0.31686095	0.31475545	0.00000000	0.12874391	
rn3	0.31821225	0.31633246	0.12874391	0.00000000	
