	canFam2	hg17	mm6	rn3
canFam2	0.00000000	0.30737030	0.42353876	0.42552188	
hg17	0.30737030	0.00000000	0.42023914	0.42318087	
mm6	0.42353876	0.42023914	0.00000000	0.14614655	
rn3	0.42552188	0.42318087	0.14614655	0.00000000	
