	canFam2	hg17	mm6	rn3
canFam2	0.00000000	0.52480740	0.59887988	0.61982124	
hg17	0.52480740	0.00000000	0.66701356	0.68422800	
mm6	0.59887988	0.66701356	0.00000000	0.21668962	
rn3	0.61982124	0.68422800	0.21668962	0.00000000	
