	canFam2	hg17	mm6	rn3
canFam2	0.00000000	0.31962402	0.41025849	0.41154429	
hg17	0.31962402	0.00000000	0.40849988	0.41048954	
mm6	0.41025849	0.40849988	0.00000000	0.13529509	
rn3	0.41154429	0.41048954	0.13529509	0.00000000	
