	canFam2	hg17	mm6	rn3
canFam2	0.00000000	0.31674716	0.40310779	0.40459603	
hg17	0.31674716	0.00000000	0.40155921	0.40317980	
mm6	0.40310779	0.40155921	0.00000000	0.13105416	
rn3	0.40459603	0.40317980	0.13105416	0.00000000	
