	canFam2	hg17	mm6	rn3
canFam2	0.00000000	0.25466935	0.30811605	0.30895314	
hg17	0.25466935	0.00000000	0.30689586	0.30784443	
mm6	0.30811605	0.30689586	0.00000000	0.11928374	
rn3	0.30895314	0.30784443	0.11928374	0.00000000	
