	canFam2	hg17	mm6	rn3
canFam2	0.00000000	0.36768381	0.40653749	0.41555233	
hg17	0.36768381	0.00000000	0.43313763	0.43976144	
mm6	0.40653749	0.43313763	0.00000000	0.18421200	
rn3	0.41555233	0.43976144	0.18421200	0.00000000	
