	canFam2	hg17	mm6	rn3
canFam2	0.00000000	0.25756271	0.31309086	0.31386404	
hg17	0.25756271	0.00000000	0.31196631	0.31314367	
mm6	0.31309086	0.31196631	0.00000000	0.12291412	
rn3	0.31386404	0.31314367	0.12291412	0.00000000	
