	canFam2	hg17	mm6	rn3
canFam2	0.00000000	0.24011057	0.30710161	0.30868533	
hg17	0.24011057	0.00000000	0.29651994	0.29842259	
mm6	0.30710161	0.29651994	0.00000000	0.11873867	
rn3	0.30868533	0.29842259	0.11873867	0.00000000	
