	canFam2	hg17	mm6	rn3
canFam2	0.00000000	0.29281269	0.40010267	0.40296018	
hg17	0.29281269	0.00000000	0.38267158	0.38600812	
mm6	0.40010267	0.38267158	0.00000000	0.13048053	
rn3	0.40296018	0.38600812	0.13048053	0.00000000	
