	canFam2	hg17	mm6	rn3
canFam2	0.00000000	0.24155287	0.31058259	0.31202926	
hg17	0.24155287	0.00000000	0.30016210	0.30219104	
mm6	0.31058259	0.30016210	0.00000000	0.12156306	
rn3	0.31202926	0.30219104	0.12156306	0.00000000	
