	canFam2	hg17	mm6	rn3
canFam2	0.00000000	0.33258650	0.39798552	0.40724549	
hg17	0.33258650	0.00000000	0.40454347	0.41082332	
mm6	0.39798552	0.40454347	0.00000000	0.18112003	
rn3	0.40724549	0.41082332	0.18112003	0.00000000	
