	canFam2	hg17	mm6	rn3
canFam2	0.00000000	0.45125586	0.57817098	0.59947567	
hg17	0.45125586	0.00000000	0.59613567	0.61134542	
mm6	0.57817098	0.59613567	0.00000000	0.21254298	
rn3	0.59947567	0.61134542	0.21254298	0.00000000	
